<addon id="plugin.video.kingpin" name="[COLOR magenta]kingpin[/COLOR]" provider-name="kingpin" version="0.0.14">
	<requires>
		<import addon="xbmc.python" version="3.0.0" />
		<import addon="context.kingpin" version="0.0.7" />
		<import addon="script.module.myaccounts" version="2.0.5d" />
		<import addon="script.module.kingpinscrapers" version="0.0.6"/>
		<import addon="script.module.requests" />
		<import addon="script.module.beautifulsoup4" />
		<import addon="script.module.metahandler" optional="true" />
		<import addon="plugin.video.youtube" optional="true" />
	</requires>
	<extension point="xbmc.python.pluginsource" library="kingpin.py">
		<provides>video</provides>
	</extension>
	<extension point="xbmc.service" library="service.py" start="startup" />
	<extension point="xbmc.python.module" library="resources/lib/" />
	<extension point="xbmc.addon.metadata">
		<reuselanguageinvoker>true</reuselanguageinvoker>
		<summary lang="en">[B][COLOR magenta]kingpin[/COLOR][/B] - We do not host any of the contents streamed</summary>
		<description lang="en">[B][COLOR magenta]kingpin[/COLOR][/B][CR] This addon does not form part of the Kodi Media Centre. Please do not seek assistance with this addon from any of the Official Kodi Support Channels.[CR]The author does not host any of the content in this addon and takes no responsibility for content found</description>
		<platform>all</platform>
		<license>GNU GENERAL PUBLIC LICENSE. Version 3, 29 June 2007</license>
		<forum />
		<website>https://github.com/Wilson-Fisk/kingpin</website>
		<source>https://github.com/Wilson-Fisk/kingpin</source>
		<disclaimer lang="en">The author of this addon does not host any of the content which is found and have no affiliation with any of the content providers. This addon simply searches websites for content. Use at your own risk!</disclaimer>
		<assets>
			<icon>icon.png</icon>
			<fanart>fanart.jpg</fanart>
		</assets>
		<news>
[B][COLOR magenta]Update - v0.0.13 - June 09, 2022[/COLOR][/B]
[COLOR magenta]--[/COLOR][I] Kingpin is here.[/I]
		</news>
	</extension>
</addon>