<?xml version="1.0" encoding="UTF-8" standalone="yes"?>
<addon id="repository.kingpin" name="Kingpin Repo" version="1.0" provider-name="Wilson-Fisk">
    <extension point="xbmc.addon.repository" name="Example Repository">
        <dir>
            <info compressed="false">https://raw.githubusercontent.com/Wilson-Fisk/Wilson-Fisk.github.io/master/repo/zips/addons.xml</info>
            <checksum>https://raw.githubusercontent.com/Wilson-Fisk/Wilson-Fisk.github.io/master/repo/zips/addons.xml.md5</checksum>
            <datadir zip="true">https://raw.githubusercontent.com/Wilson-Fisk/Wilson-Fisk.github.io/master/repo/zips/</datadir>
        </dir>
    </extension>
    <extension point="xbmc.addon.metadata">
        <summary>Kingpin Repo</summary>
        <description>The Kingpin Repo</description>
        <disclaimer></disclaimer>
        <platform>all</platform>
        <assets>
            <icon>icon.png</icon>
            <fanart>fanart.jpg</fanart>
        </assets>
    </extension>
</addon>